name,id,geom
12 PIQ,1,0106000020E6100000010000000103000000010000000B000000998CA4446FA90B4088B6C972C22B4740B6B7536276A90B40528F1DEBC32B4740AD500B12A9A90B40278F8B8FCD2B47400C92A9F1F0A90B406A23CD5ED82B47403D8DD257FCAA0B40F268F824D42B4740C815288785AC0B40B52F3EF8CE2B47403BD2C5CEF0AC0B40A96799B8CD2B4740FE891403F1AD0B40D3C046B6C92B47403B3AF600A7AE0B40A40CE1CDC72B4740CF5844869AAE0B401919CE91C32B4740998CA4446FA90B4088B6C972C22B4740
10 PIQ,2,0106000020E6100000010000000103000000010000000A00000024EADF3AC2A50B4028BB7248892B47402A3187DDE1A50B409604A7E2C02B47406D2C2501D0A60B40A8D4BE3EC12B47406345A48AF0A60B40E08D6B63B92B4740F83E029C33A70B40C0CF1790B32B474060D9177EF6A70B405CFC7A78B22B474016E315D20EA90B404DE73167B22B4740E7B733C67AA90B40787AE9FA8F2B4740AFC68FE46EA70B40609DAAE68B2B474024EADF3AC2A50B4028BB7248892B4740
11 PIQ,3,0106000020E6100000010000000103000000010000000E000000678B93127FA90B408D1A2E52902B4740D515AA7F0FA90B407AC4C192B22B4740838CED7442A90B40D228102AB72B4740BC15B4EB4FA90B40588E89DBBE2B4740A5B3A0E25AA90B40131DE41EC12B4740CF331228BFAD0B4060E34522C22B47403665B54F24AF0B4062117E67C22B4740A580C26878AE0B40F7289553BA2B474018B284CA87AD0B40B46C1CFFAF2B47407E1AD7BFB8AC0B40CF4EB70BA72B4740029FAC55C8AB0B4089A348139D2B4740DA4090F7D4AA0B40ADDE3E13932B474075244598D5A90B4087DAE616912B4740678B93127FA90B408D1A2E52902B4740
11 PAL,7,0106000020E6100000010000000103000000010000000F000000BAB7D713A66A0B4008B5AFD9D52B4740B95AF2FEA96A0B40FAFE6091DB2B47400CDB543AA66A0B40B0B2A0DFE02B47404BF5374DC16A0B4051ADFD77F82B4740B551DD7E456B0B4044E1C26FF92B4740C111E899C76B0B408E441CC0F82B47404E818F149B6C0B40E5C54242F62B4740667597268F6D0B4005A272C6F02B474039F1C205946D0B4029E4A5B3F02B47401721DB179E6D0B406415B5B4EE2B474003CAE462EF6A0B403B9F5D32CF2B474046671F93A66A0B40D1F5ECB2C82B4740DD8D6CA8A56A0B40C0D2B18BCC2B474062C00920A46A0B4068F4D6FDD22B4740BAB7D713A66A0B4008B5AFD9D52B4740
12 PAL,9,0106000020E610000001000000010300000001000000160000005025C9FD39670B401E287E2FFC2B4740C23190DE36670B400038FB2FFC2B47403E5E7FEB49670B40ECB79AF3062C4740F0E013BD4B670B403A01D9C2072C47400424C0C6D6660B402F9376D4112C4740F7EB81A4CB660B40496779A0132C4740349FE687C0660B401E3AC87D152C47401C30C0709E660B40F6D91F271B2C4740703C1D5D3E660B403B130BF72B2C4740AC8D209F1E660B40A4FFA0A8312C4740FF5B80A5D2650B40E9A8B9733F2C474092149DD5B0650B4000149486432C474004472E8087650B40B76E1F84482C4740F61F49C824660B40FAB72D3D4C2C4740ED21050FC0660B4040A8FF934E2C4740ADFE60F24C670B40607D42D84F2C4740E63BAB39C3670B4058D85A31512C47409F70DAE928680B4076E893E8512C4740D3A1E10597680B40059B70D80D2C474023D58C2C9C680B406AFA605FF92B47408BAD090756680B408570A6A6F92B47405025C9FD39670B401E287E2FFC2B4740
13 PAL No,11,0106000020E610000001000000010300000001000000110000009107BD3C66750B40AA6E38E7FE2B4740435682E18C770B40DAE255AC242C4740F69D7654F1770B406034E789212C474041D8F277567A0B40FF749D2B122C474016768633787B0B405D81821C092C47405D56C5AE897C0B40F2DDF7AE012C474011A06F299B7D0B4026176841FA2B4740FD32F3DFC97C0B40C2334094F22B474072B9D3AEFF7A0B402A5F7CCAE32B474011637B44BC7A0B40D457480EE22B4740E91E3E6FBA7A0B4078442802E22B4740EF437280B67A0B407E2AE2E7E12B4740F96C66DC24790B407261CC60FD2B4740B399159869750B40E98E021EFE2B4740BB43B35769750B4054B0482DFE2B47403F97C76D66750B401F11D2DAFE2B47409107BD3C66750B40AA6E38E7FE2B4740
13 PALnou,12,0106000020E61000000100000001030000000100000014000000145FC6ECBE730B406938C0F5DB2B474045D10BF878750B4049AC3F18FA2B47408F33E9DB69750B40B3875B0EFE2B4740B399159869750B40E98E021EFE2B4740F96C66DC24790B407261CC60FD2B4740EF437280B67A0B407E2AE2E7E12B4740507A2101677A0B4036096AD4DF2B47409F5708F7527A0B40CBAFC12FDE2B4740AD49432D527A0B408CD44427DE2B4740F4DE99F34A7A0B4004C40484DD2B47407EA52FB2327C0B404777CEF0C22B47402593BC3A37770B409D42A34DA72B4740EA85009D1F770B401112A11BA92B4740DDA649FE57760B4092109E8EBA2B474023E42BBE3D760B40C15F67D9BD2B4740C918BDA2F7750B40C67E5B38CF2B47403A3A26EDCD750B40937C11F6D22B4740E0CA9830AB750B40D7141B2AD42B47409597C47588750B407226115ED52B4740145FC6ECBE730B406938C0F5DB2B4740
13 PIQ,13,0106000020E61000000100000001030000000100000015000000804664A008970B40BF9627A0BE2B474024EFE76C42970B401FCB47B1C42B4740EA8908C87A970B4059181D9CD22B4740E10BA26208980B405B395A8ED42B4740780864384C990B40B9C10A73DA2B47401ED0E133279A0B40B1256E4CDE2B4740D53F0DB9E0990B401BB01064E22B4740EC01B399C9990B4052420CCBE32B4740827C1377C9990B404CE72BCDE32B47409BBA6889EA9D0B4053C4F704042C4740962A8749EB9D0B4050DFE8F8032C474049DC75141E9E0B40FE2397C4002C4740C01EA6FF809E0B40D4F2D246F42B47408D66D9BFC49D0B404044D0FCEE2B47405FB741C32D9C0B40A2935B42E42B4740B7A6E1DCBE9A0B409830FC04D82B47405C0EA3104C970B40D5C4B2D5BA2B4740911FF0081E970B409795FADCBA2B47407505AA7317970B40C7192005BC2B4740B8D7EA3E0A970B4018398957BE2B4740804664A008970B40BF9627A0BE2B4740
14 PAL,14,0106000020E6100000010000000103000000010000001100000090A89C160B740B404E264CD3402C47409139A1E30A740B40E3105DD0402C4740BC822C470A740B40215A69C7402C474095B6E0E2AC740B406F3BC0B13B2C474055D2E2022F760B409011AA882F2C47403CA97BB48D770B40DD67BFB8242C47405648A54A7E730B40D18AD297DC2B4740A8792F0FAF700B409DE9E30BE72B4740A399D98FAC700B407C02E114E72B4740E5192B6A95700B40A066946EE72B4740327E74A8E76D0B40D90D5B7FF12B47403B3E10057A6E0B40D2958C9AF42B4740DF562662B56E0B40DB40ECB2F52B47404AA4DC909C700B40D86914E9042C47403279444F84720B40F22FE597272C4740CDD7BDA506740B409669FEF6402C474090A89C160B740B404E264CD3402C4740
14 PAL A,15,0106000020E6100000010000000103000000010000000B000000EA2F6AEF95720B40F73DC632E02B4740776092E5CA760B409E5BD7BE2A2C47405F6378BB8C770B4029B223AF242C47405CD9113B66750B40483CD3E7FE2B474014AC7CA167750B408A376C16FF2B47408AAB21F965750B4013379CF8FE2B4740A91C19C764750B4020526946FF2B4740F074696F83730B40C3BBF028DD2B47402EDB123783730B40D5940625DD2B474096C348256E730B4096E34328DD2B4740EA2F6AEF95720B40F73DC632E02B4740
14 PAL B,16,0106000020E6100000010000000103000000010000001000000090A89C160B740B404E264CD3402C47409139A1E30A740B40E3105DD0402C4740BC822C470A740B40215A69C7402C474095B6E0E2AC740B406F3BC0B13B2C4740D79407ECC5760B40AA0C2C682A2C47405308914090720B402C70E413E02B4740A8792F0FAF700B409DE9E30BE72B4740A399D98FAC700B407C02E114E72B4740E5192B6A95700B40A066946EE72B4740327E74A8E76D0B40D90D5B7FF12B47403B3E10057A6E0B40D2958C9AF42B4740DF562662B56E0B40DB40ECB2F52B47404AA4DC909C700B40D86914E9042C47403279444F84720B40F22FE597272C4740CDD7BDA506740B409669FEF6402C474090A89C160B740B404E264CD3402C4740
16 PAL,17,0106000020E6100000010000000103000000010000001B000000A4F553E8737C0B40BFDCFA90B72B4740EB77FC60747C0B40E143EA92B72B4740FCC0789C747C0B400D081C94B72B474000FC1EEBB17C0B40C8DEF54DB82B474050AD5F15E57C0B40677ABFEEB82B4740E586DE3AE97C0B40AD902B00B92B4740E743B8AB087E0B4052B4BDEAA82B4740BDBA08234B7E0B40E9F2BEE2A42B47403F9147E788810B40919C5E90722B47406FB23A458B810B404CAD4BA1722B4740AF671DC0C7810B4062B0DD0B6F2B47401CC777118B810B40C70EAD396D2B4740509CD726D6800B40A06E85D5742B4740BF3B623BD57F0B40A3B795046D2B47403A0BAFC78E7F0B40A822E3596C2B474058AD52D0627F0B408489E319692B4740678D46E8517F0B40A02D6E7D672B4740EBA4C6A9C87E0B40F11F0D8C602B4740E5C4180C927E0B40BF4D8994602B4740D13AF1466D7E0B4028F05BB2622B474003A2EFA3FC7D0B409E35529B772B47401375F2979A7E0B404D5B31067B2B47403C0E33E15A7E0B40B072E1318F2B4740DE7387B15C7E0B40391325CD942B4740FB942DA6237E0B405DBAED399E2B4740B3FE29CCE47D0B40E2047D7BA22B4740A4F553E8737C0B40BFDCFA90B72B4740
1 PAL,18,0106000020E6100000010000000103000000010000001B000000A14F53816E6D0B406BB361283D2B4740E22F78566E6E0B40195126CD3C2B47404AEF577D5A6F0B402BE9C57B3C2B47404338ADA9636F0B40079393783C2B47402140460AD96F0B40ADFD1C503C2B4740A541D30756700B4076FF3E953C2B474076A303F1D9700B40A6E82FDE3C2B4740BF59F05EA2710B4050A6C4823C2B47406F39854CAB710B400D1A1D803C2B4740E2D7328452730B40367190033C2B4740AE1309CC3D750B40FC6F32023B2B4740CA07C74065760B40F567051F3A2B4740FAE2F4BE4D770B40179B0FFB392B4740F7170F4159770B4061CA08EF362B4740A543EEB179740B40B6375F6D242B47401D339EA15B6D0B403BF7D421F62A4740B7E83413476D0B405A15032AFA2A4740E39AB98A446D0B40FF0651ACFA2A4740F6A68D4D266D0B4032A010BE002B47407F486E6C586C0B40AFB04A122A2B4740BB3EA2C3396C0B40741ABE39302B47408F6313191B6C0B4080E57E61362B4740BA4E746EFC6B0B4064472C893C2B4740A99B1664EE6B0B409165A4523F2B4740BD0660C2ED6B0B40DDFF15733F2B474033C3DB07ED6B0B40A1107D9E3F2B4740A14F53816E6D0B406BB361283D2B4740
1 PIQ,19,0106000020E6100000010000000103000000010000000A0000005995AEACCC930B408443E4878C2B474051270D26E6950B40BF608AF9AA2B47409E86F23575960B4008D84E87B02B4740E2C53E53EE960B40F186B664B32B47409B60BAF994970B40A0C3C5AA952B4740EA2F204C87970B40FC05043B8D2B4740FB412DAE28970B404B13FFEC7B2B47403EA19B75C8960B409EA2B47C6A2B47402676B07F74950B4046B3D0A8792B47405995AEACCC930B408443E4878C2B4740
20 PAL,20,0106000020E610000001000000010300000001000000100000008E0C6372637C0B40B725E6A9222B4740F3F6B90F587C0B404A4D6F20232B47403E86ED92347C0B40CEE4BE40222B47404F7075A00A780B403BD2B81C0F2B4740459448290D780B40A20A4FC7372B4740BA53D99E76780B405FA9849E382B474070F02018A7790B40BCBBB513392B4740B14DBDED3A7A0B40CDED792B3A2B474063C2E2622C7B0B401B8A6409402B47403296E801AE7B0B4052FD76BA422B47409FB77748267C0B409C73920F432B474034FE9797AB7C0B4097977D3E402B4740E0295FF6D37D0B40792FFE44312B47407C957DDA737C0B4057D43B29242B474011B472C57C7C0B4071BC24C0232B47408E0C6372637C0B40B725E6A9222B4740
21 PAL,21,0106000020E6100000010000000103000000010000001300000011B472C57C7C0B4071BC24C0232B474025B22A03837C0B40B0B89076232B4740F855A7273E7D0B401864EA532A2B474069C60616E37D0B4065FF6282302B4740EAEF67D0A47E0B403579D7C5262B47403FF1B2CCFC7E0B4077C83DBF232B4740D1B3E984C57F0B40A8870CE7212B4740C5EDD1751F7F0B40013FD51C1B2B47403B2322B8017F0B40B6E5EB071A2B47405D14B281DF7E0B407A916FC9182B4740DEC711EB737B0B4008A50020F92A4740661514E95E7A0B407866D662002B4740AA1923E7FF790B40C65D91D0052B4740CF791FB9FC790B4088CAE9BB052B4740CE9775A43C790B40D9B4FC1F132B4740276D861D437C0B4086476D18212B4740E92A0435687C0B40940F4878222B47408E0C6372637C0B40B725E6A9222B474011B472C57C7C0B4071BC24C0232B4740
22 PAL,22,0106000020E61000000100000001030000000100000012000000EF46CB66DA6F0B40BDCE0223032B47400A38E9D166710B40E000861C0D2B47407B16CEE03D730B40ABDEBBF6182B4740A40FDCA988740B40E397619F212B4740E3A4BCF39D760B40995CD4942F2B4740190C135EDD770B40BBF9FCC5362B47409FE59B4D08780B40162168BD372B4740459448290D780B40A20A4FC7372B47404F7075A00A780B403BD2B81C0F2B4740BDEE3524F0770B4006FE3EA50E2B47405AF09CBA1D770B40556B84050C2B4740AB72B328C4760B40B4054502102B4740294B737988760B4004D52A3A112B474068D27BEFFB750B4070A822B6092B4740C1BA0D0C27730B4060BC52C9F82A47404A1D805F14700B40144789FAE72A47403B0D74700C700B40F8917B63E92A4740EF46CB66DA6F0B40BDCE0223032B4740
22 PAL Bi,23,0106000020E61000000100000001030000000100000011000000B1D95BF537770B400B4CB7D80A2B4740B78F930D38770B40CF640CD70A2B474010B67A36BD760B40BE70D3B0012B4740CE374EC383730B40534B0AAAEE2A4740BD12E06A38710B4078AC8B77D92A4740683A2B9ADF700B408C325106D62A474072F4ADF8C0700B40409F28D6D62A4740CDEF44FC9B700B405A40FA46D82A4740A1E644F96E700B407282DD7ADB2A4740DC4FF2D74B700B40C3492E4CE02A47407D77A13612700B40B341BBEEE72A47404A1D805F14700B40144789FAE72A4740C1BA0D0C27730B4060BC52C9F82A474068D27BEFFB750B4070A822B6092B4740294B737988760B4004D52A3A112B4740AB72B328C4760B40B4054502102B4740B1D95BF537770B400B4CB7D80A2B4740
2_3_4 PAL,24,0106000020E610000001000000010300000001000000230000006F987B87B3710B403355568C932B4740FD5193C30D720B40CA531BEC922B4740DC5453DE0F720B40348D5AE8922B4740E938C1F49A720B40E8C251F1912B474028218FBC72740B40221BEEA98E2B474096463B12B7760B402A438EA48A2B47409464A40502770B4039566F1F8A2B47401496BF2D02770B40C4E2321F8A2B4740E0E21FD502770B4057A5061E8A2B47401F50FAEC06770B40EF8AC0168A2B4740897BC23408770B40ECD27B148A2B4740536CA7A507770B4044C225AB852B474052D1C98105770B40D42BC7136F2B4740B968A35205770B40E3BE0C4D6D2B47408576B98805770B40BB2493EC6C2B4740EDA07FF50A770B40FF37C4BF622B47407A6A2F7D4D770B40013CE7B6562B4740D223BAD065770B4011FFE400512B474033EF622081770B40A33806894A2B474040E29130AA770B40A1DD2BD1402B474021F0FD5CB7770B407EB427AE3D2B4740F3393AD7B2770B40DFB75A023D2B4740CC82900DAC770B40FBB3440D3C2B4740729B12DD10770B4010F50A3F3C2B47408DB80F70F7750B402F556A9D3C2B474046CE9D0256750B401159FBCC3C2B47406DF8F9BDD2740B4017E702F73C2B474028A292D582720B40997744193E2B47403BEAC3682A720B402303D7483E2B47409F33994393700B409AE095263F2B47400B5A37BF98700B40B5D1B4E7402B47409D6FCCF6A0700B40769F8E88432B4740CD272599F5700B40935388CC5E2B4740AF3D6683A3710B40E54393228F2B47406F987B87B3710B403355568C932B4740
23 PAL,25,0106000020E610000001000000010300000001000000180000009CF7AD37026A0B40618EF5D1DC2A4740C0EE8AD1066A0B40A6B076EEDC2A4740AABAB22E396B0B4047B8C45AE42A4740389EEB8CB56E0B40B07091C4FB2A4740EF46CB66DA6F0B40BDCE0223032B47403B0D74700C700B40F8917B63E92A47404A1D805F14700B40144789FAE72A47407D77A13612700B40B341BBEEE72A4740DC4FF2D74B700B40C3492E4CE02A4740A1E644F96E700B407282DD7ADB2A4740CDEF44FC9B700B405A40FA46D82A474072F4ADF8C0700B40409F28D6D62A4740683A2B9ADF700B408C325106D62A474034C47443266E0B40AAFA95FFBA2A4740B8A291DD276C0B4027BDCD34A72A4740377F4BFEA86B0B4027DD160FAD2A47402116A48F826B0B4041553CDFAE2A47409B6834E5476C0B4016427761B82A4740DB0FDA6B8C6C0B404BB5E664BA2A47403E13EB71CB6D0B409E8E87C4C32A4740D93E409F456E0B40171FF25FD12A474043BD35AD096D0B400896F921CF2A4740BBDE7A3BD56A0B40EBB8E8BFC22A47409CF7AD37026A0B40618EF5D1DC2A4740
24 PAL,26,0106000020E6100000010000000103000000010000000F0000009F93FF186E640B40CE602946C02A4740DDA683BBE4640B40F8E6335FC02A4740919BB5AB62650B4023089D60C12A4740F1FD752A25660B40C052AE6FC42A474045F36CB557670B409B8C8772CB2A4740037979ABE6680B4069A92EF3D52A47409CF7AD37026A0B40618EF5D1DC2A4740BBDE7A3BD56A0B40EBB8E8BFC22A4740D020C1ADD46A0B409808C5BCC22A4740CD44360AD46A0B4065C1A2A4C22A47403B247712986A0B402350DBC9B92A4740326C1E7D35680B40AE7C344EAC2A47407CA07BD526660B404997F30DA52A474005545D22CE640B40DAB23242B42A47409F93FF186E640B40CE602946C02A4740
2 PIQ,27,0106000020E6100000010000000103000000010000000F0000009430E62C2B980B406E3B2072FD2B4740E46E2FD33F980B406220814F032C474080063E6B6C980B40981EFA6A082C4740EE028F628C990B4061DB3D761B2C474051FF832CA69A0B403B4E4CB62E2C47402759C1C7C39A0B4094B7FC412D2C474063CB4423EE9B0B40E842DD991E2C47403A378C80279D0B404ADB972C0F2C47403D83F6AF799D0B4034D74E230B2C47409BBA6889EA9D0B4053C4F704042C4740AF4A5775C9990B40D3593FCDE32B4740B8EC33578B990B40E264A391E72B4740B1E9D00E85990B4098AA40F3E72B4740B711131381990B4063AD2431E82B47409430E62C2B980B406E3B2072FD2B4740
3 PIQ,28,0106000020E6100000010000000103000000010000001F0000001DA5257F43A00B4071782FA4F92B474025A5C285D6A00B4098105E74062C474083017D2044A10B40CB060607112C4740B1FC622344A10B4093AFB50F112C4740543D060972A10B4034B1FAFD122C4740ED19D4F7F5A10B401B877297182C4740FCB0F90224A20B40F741728B1A2C47400150380E62A30B4020469A38272C474072C2602BA6A30B4011D90D2A2A2C4740AB53B9C1FEA30B407B5F48FC2D2C4740B4798B229EA40B407F9BF006372C47407BFADA292FA50B4048368C3E3F2C4740D891F815B0A50B4089124C2D092C47406FFA548645A60B40783D135AED2B474021AB7747D7A30B406F584841E42B47401D02298401A20B4043B4144FE62B4740E03B3B6695A10B402B51F8ECE62B474017A679AEF4A00B401CB1A0D7E72B47408012DAE9B6A00B408914B390E82B474036615CD19EA00B40028742F1E82B4740DB3E328192A00B4052499D22E92B4740D4ABE1AF4BA00B40A5BA753EEA2B4740280D2A424AA00B402B533744EA2B47400E0092EE49A00B4060628545EA2B47403D53F402E49F0B4077A317DEEB2B474076287FFFE29F0B40E60C63E2EB2B4740205D0D3F779F0B40D82F9048EE2B474048B80603B19F0B401557BCD7F02B4740E9E29B10E09F0B4017F06BEAF22B4740C776CCE503A00B408F760D5AF52B47401DA5257F43A00B4071782FA4F92B4740
4 PIQ,29,0106000020E6100000010000000103000000010000000E000000DA0808B59FA70B40D9598F6BE82B4740C291D49F79A70B4034427572E82B4740D98BA97076A60B40C2DCF9A0E82B47402F404A4376A60B4082C4FCA0E82B4740524521EDCEA50B405EA795D1082C47400B2504F93DA50B40320EE713402C47408316BBA7A1A50B40AC4DF1BF452C474025EADB703FA60B408BB286AD4E2C4740A95ADBED4BA60B40AC487FF8492C4740747EF09557A60B40170F3F63462C474095F7065607A70B40AB7DF08B152C47407D785D4047A70B401A03A875052C47409B96CD72B7A70B4072855167E82B4740DA0808B59FA70B40D9598F6BE82B4740
567 PAL,30,0106000020E6100000020000000103000000010000001C000000815234E0FE6A0B408D9B02FC432B47402388603C736B0B40B4136D26492B4740797C90928D6B0B40B4593C0B4B2B474086958B8EA56B0B4086D499C44C2B4740BE14C460A66B0B405F9112E74C2B4740CA41ED27B36B0B40AB31A9CE4D2B4740171C6E49026C0B4083370289582B4740E21A61A7F86B0B406F58FCA1582B474022A1DE1FE86C0B40D093555A942B47402B89729DF36C0B40FEB5DF37972B47406E161FB3046D0B4029A9AC7A9B2B4740A59AD184286D0B40A7C9FA3D9B2B4740E66C4E10296D0B40BB590A3D9B2B474065F4A0D8EC6D0B40E5155DF1992B474052C1F270EF6D0B40CB34FAEC992B474001FBC0D8F26D0B40B0C32EE7992B47404A3C87E6136E0B40A82A2FAF992B4740858C652791710B40E836B5C5932B4740AF6C437AD2700B40B490303B672B474048048F0759700B40774DB7CD3E2B47402CA0CF67506F0B40CBAAF8853E2B4740DAFE4917DE6E0B40B09995973E2B4740E578C310BF6E0B40CF18669C3E2B47409565989B4C6E0B40D81804AE3E2B4740EC8B09F9D76C0B40F904D0D03F2B474005CC24A3836B0B40742E66E9412B47400184CE40416B0B40EBEDAAF2422B4740815234E0FE6A0B408D9B02FC432B474001030000000100000015000000718E78A94C660B40788038EC6B2B4740620837F4A1660B40ABC6DF8B712B4740C00878FEC5670B40B1E193A3852B4740F3DBFA6072690B400E099487A12B4740A86B5DA893690B404EEA324FA12B4740B635771DD2690B40E75B68E5A02B4740101454DC5A6A0B401686C6FD9F2B474034338459656A0B4031F8FFEB9F2B4740504D393A076C0B4044FA12289D2B47403ABF7841036D0B408C581A7D9B2B47406E161FB3046D0B4029A9AC7A9B2B4740BB5352FBE16C0B40E27948D2922B4740F82DE441C76C0B4026C21F288C2B47403BF93853B16C0B40BC300FB0862B4740E386A5CC636C0B40AE138D5A732B4740A1D8BFF1566C0B400D07EC25702B47400BC88DD8566C0B40D52ECF1F702B4740E21A61A7F86B0B406F58FCA1582B4740E331E0D4706B0B404B04E9015A2B4740334A2F6C9A680B405B2D5F09642B4740718E78A94C660B40788038EC6B2B4740
567 PAL A,31,0106000020E6100000010000000103000000010000001C000000815234E0FE6A0B408D9B02FC432B47402388603C736B0B40B4136D26492B4740797C90928D6B0B40B4593C0B4B2B474086958B8EA56B0B4086D499C44C2B4740BE14C460A66B0B405F9112E74C2B4740CA41ED27B36B0B40AB31A9CE4D2B4740171C6E49026C0B4083370289582B4740E21A61A7F86B0B406F58FCA1582B474022A1DE1FE86C0B40D093555A942B47402B89729DF36C0B40FEB5DF37972B47406E161FB3046D0B4029A9AC7A9B2B4740A59AD184286D0B40A7C9FA3D9B2B4740E66C4E10296D0B40BB590A3D9B2B474065F4A0D8EC6D0B40E5155DF1992B474052C1F270EF6D0B40CB34FAEC992B474001FBC0D8F26D0B40B0C32EE7992B47404A3C87E6136E0B40A82A2FAF992B4740858C652791710B40E836B5C5932B4740AF6C437AD2700B40B490303B672B474048048F0759700B40774DB7CD3E2B47402CA0CF67506F0B40CBAAF8853E2B4740DAFE4917DE6E0B40B09995973E2B4740E578C310BF6E0B40CF18669C3E2B47409565989B4C6E0B40D81804AE3E2B4740EC8B09F9D76C0B40F904D0D03F2B474005CC24A3836B0B40742E66E9412B47400184CE40416B0B40EBEDAAF2422B4740815234E0FE6A0B408D9B02FC432B4740
567 PAL B,32,0106000020E61000000100000001030000000100000015000000718E78A94C660B40788038EC6B2B4740620837F4A1660B40ABC6DF8B712B4740C00878FEC5670B40B1E193A3852B4740F3DBFA6072690B400E099487A12B4740A86B5DA893690B404EEA324FA12B4740B635771DD2690B40E75B68E5A02B4740101454DC5A6A0B401686C6FD9F2B474034338459656A0B4031F8FFEB9F2B4740504D393A076C0B4044FA12289D2B47403ABF7841036D0B408C581A7D9B2B47406E161FB3046D0B4029A9AC7A9B2B4740BB5352FBE16C0B40E27948D2922B4740F82DE441C76C0B4026C21F288C2B47403BF93853B16C0B40BC300FB0862B4740E386A5CC636C0B40AE138D5A732B4740A1D8BFF1566C0B400D07EC25702B47400BC88DD8566C0B40D52ECF1F702B4740E21A61A7F86B0B406F58FCA1582B4740E331E0D4706B0B404B04E9015A2B4740334A2F6C9A680B405B2D5F09642B4740718E78A94C660B40788038EC6B2B4740
5 PIQ,33,0106000020E61000000100000001030000000100000019000000E26E434399B10B408017E5E3F52B4740BE5DB35B8CB10B40B878B2E2EF2B4740E783979D3EB10B408B00EED5D62B4740CEAFD9742BB10B4007D30DCDD02B4740E79B61E718B10B40EB3C5D42CA2B4740F4BDCC5978AF0B40499A466CC82B47403C9FE18EDEAD0B40675A12E6CC2B474030A23BC370AC0B407DA76542D22B4740772BE4AD56AB0B408681ACE9D52B47409C63C9C5FEAB0B40664716F3DD2B474035AAA245C0AC0B400E9FCA49E72B4740CC0FAB5A7DAD0B408BC6C00AEF2B4740E661CF0DD7AE0B4089AF302FFD2B4740DA9E97D550AF0B405BF2225F042C4740B2846DA9E6AF0B40759B53DD142C47407BE45E3C31B00B40449B61431D2C4740B0BD2A3DC1B00B40758F0BF3272C4740CCD4A10303B10B401532F0F22A2C4740B7C02F644FB10B40636CFCFE2C2C474015E63E0663B20B409AD1EF20322C47404A289C4433B20B40B73F7CCD1E2C4740BB3985BC30B20B400AF4E03A1E2C4740EBE74DD1D9B10B402860A7740A2C4740C7506400B3B10B405E5E2DA1012C4740E26E434399B10B408017E5E3F52B4740
6 PIQ,34,0106000020E6100000010000000103000000010000000F0000000C402527D6AC0B40D1275B04A52B4740A4F88DD6BFAD0B40918AB6A1B12B4740C1103667F1AF0B40EA9F6ECCB22B474066A908A7E4AF0B407B13C3CDB22B47408B872E3C18B30B40EDC842D4B32B47400BA7D53B79B30B4072CA47F3B32B474092E084BCC9B30B40E3EF7D5E872B4740800967642DB40B40637A1B2B5C2B474011A1212E8AB10B402DADEA73672B474007DD01ACB1B00B40EAF9D81D6B2B474007B0AA29D9AF0B40CB65D7C76E2B474026177DE087AF0B40DD875D27702B474036FD4F5D75AF0B40B1986C77702B474085001365C1AC0B40AB66EB087B2B47400C402527D6AC0B40D1275B04A52B4740
8 PAL,35,0106000020E610000001000000010300000001000000120000005F38F745D4710B4084FC484F952B4740F239720F66730B4068346CC2CD2B47404723B67765730B40EB6D23C3CD2B47408063FFCFBC730B401B381D3DDA2B4740915DA4505C750B40062CA3F9D32B47408DAAFD50A7750B40DB130BD6D12B47402B9D4C56E1750B40A34190D0CD2B4740A9047346F5750B403D586AE1C72B4740B6AB5E3FFF750B401151BAE9C42B4740463A70E621760B404F3FF835BC2B474007A0A0044C760B40999AA049B72B474026470F03EA760B40625E77D9A92B4740EE976D5BED760B4012492683A92B4740E39D01B0E9760B40FF267483A52B474014ADDF35D2760B409E45A1018C2B47401F0B0A30D2760B4077E01FEF8B2B4740271B2A26D3710B407801CA26952B47405F38F745D4710B4084FC484F952B4740
9_10 PAL,36,0106000020E6100000010000000103000000010000000A000000F04836788D690B404E5D30A7A42B4740EB08EDE2B36A0B4017CB2A08C82B4740E1FA97D2026B0B40AC3FC99BCE2B47409D2EDB5FCA6D0B40741D11E3EF2B4740FE95FE61706E0B40CBBBA865ED2B4740F7960E626E730B40A98CB3F7DA2B47406D9092CDBB720B40947874BCC02B47401B5EAE5095710B4046EEFE1B952B4740BDF5FF7E326C0B405005AB169F2B4740F04836788D690B404E5D30A7A42B4740
9-10PAL A,37,0106000020E610000001000000010300000001000000210000003B03AFC8A66A0B4097752ACFC72B474046671F93A66A0B40D1F5ECB2C82B474003CAE462EF6A0B403B9F5D32CF2B47401721DB179E6D0B406415B5B4EE2B474039F1C205946D0B4029E4A5B3F02B47405DEA58D8B06D0B40787B1045F02B4740138877D0BF6D0B40610A960BF02B47400B6FDA9AC66D0B4000A77EF1EF2B4740FF5ACB95C96D0B40C3700FE6EF2B47403F16992BCA6D0B40BAA2D5E3EF2B47409D2EDB5FCA6D0B40741D11E3EF2B4740E1FA97D2026B0B40AC3FC99BCE2B4740EB08EDE2B36A0B4017CB2A08C82B4740F04836788D690B404E5D30A7A42B4740BDF5FF7E326C0B405005AB169F2B47402905565AC96F0B40D3A8067E982B47407DE76A76C96F0B404EB54D7F982B4740C21ADE3F7A700B40BE7393EBB22B47408997E719B2710B40B4E5F581E12B4740DED42B178F720B403DA4265BDE2B4740F8662C4D8F720B4091FF615ADE2B47400EACC184BC720B40C31451B5DD2B4740CA3E661BE0720B401A7F5A33DD2B47402E20BED9FE720B408DE321C3DC2B474009F411F771730B400D97E51EDB2B47405033787D94710B400478695D952B4740F8DA6F7A5F6F0B405357FF35992B4740656FBBC7666C0B40F42B9C999E2B474031E3790694690B401CAFAE0DA32B4740DB4151EB83690B40EDB508F1A32B474006FDFADEFD690B40822CCD3CB32B4740347DA8756C6A0B4048F1E027C12B47403B03AFC8A66A0B4097752ACFC72B4740
9-10PAL B,38,0106000020E6100000010000000103000000010000000B000000F04836788D690B404E5D30A7A42B4740EB08EDE2B36A0B4017CB2A08C82B4740E1FA97D2026B0B40AC3FC99BCE2B47409D2EDB5FCA6D0B40741D11E3EF2B4740FE95FE61706E0B40CBBBA865ED2B47408997E719B2710B40B4E5F581E12B4740C21ADE3F7A700B40BE7393EBB22B4740C6F8989F77700B40A7783187B22B47402905565AC96F0B40D3A8067E982B4740BDF5FF7E326C0B405005AB169F2B4740F04836788D690B404E5D30A7A42B4740
3009005,39,0106000020E6100000010000000103000000010000000C000000B611849D3AAF0B40825BE2C2FA2A4740F5C1FAF3EAAF0B4064E555D36E2B4740482D2FA90AB00B40D8278D4C6E2B4740BEE68FBB7AB10B4003ACEB2F682B4740AC7BD49309B10B40B497BFB81D2B47404E83D2BEF7B00B40DDAC7AAE1B2B474087A86176E8B00B4082560BF7102B4740EB159A1AF0B00B4027B8F9880A2B4740B7299CB7CDB00B4008B52418052B4740335B21C077B00B40B4985616FE2A47409DD4D9C16FB00B4050159505FA2A4740B611849D3AAF0B40825BE2C2FA2A4740
1 MONT,40,0103000020E61000000100000005000000C081182C28780B4068436B9D732B4740803F61E91B770B4074FEB9DD6E2B474080629C0F4C770B4010DE9EC4602B474000977541CD780B403C520AF8692B4740C081182C28780B4068436B9D732B4740
2 MONT,41,0103000020E61000000100000005000000C085E7B1D0780B4078290FAC692B4740C05A0E804F770B4004FAA552602B4740C04211688D770B404CE177F7522B474040BD60E66E790B405458A82C602B4740C085E7B1D0780B4078290FAC692B4740